"","rules","support","confidence","lift","count"
"29","{berries} => {whipped/sour cream}",0.0120535714285714,0.325301204819277,4.11680620788238,27
"30","{whipped/sour cream} => {berries}",0.0120535714285714,0.152542372881356,4.11680620788238,27
"485","{other vegetables,tropical fruit} => {pip fruit}",0.0102678571428571,0.283950617283951,4.07723963279519,23
"484","{other vegetables,pip fruit} => {tropical fruit}",0.0102678571428571,0.403508771929825,3.92982456140351,23
"493","{fruit/vegetable juice,other vegetables} => {yogurt}",0.0116071428571429,0.509803921568627,3.67189962801841,26
"479","{whole milk,yogurt} => {curd}",0.0129464285714286,0.23015873015873,3.63067292644757,29
"544","{tropical fruit,yogurt} => {root vegetables}",0.0107142857142857,0.39344262295082,3.59718969555035,24
"543","{root vegetables,tropical fruit} => {yogurt}",0.0107142857142857,0.489795918367347,3.52779053743684,24
"494","{other vegetables,yogurt} => {fruit/vegetable juice}",0.0116071428571429,0.25,3.37349397590361,26
"545","{root vegetables,yogurt} => {tropical fruit}",0.0107142857142857,0.333333333333333,3.2463768115942,24
"208","{butter} => {whipped/sour cream}",0.0142857142857143,0.256,3.23977401129944,32
"209","{whipped/sour cream} => {butter}",0.0142857142857143,0.180790960451977,3.23977401129944,32
"505","{other vegetables,sausage} => {yogurt}",0.0111607142857143,0.446428571428571,3.21543408360129,25
"496","{fruit/vegetable juice,whole milk} => {yogurt}",0.0125,0.444444444444444,3.20114326545195,28
"528","{citrus fruit,root vegetables} => {other vegetables}",0.0107142857142857,0.615384615384615,3.16887709991158,24
"529","{citrus fruit,other vegetables} => {root vegetables}",0.0107142857142857,0.338028169014085,3.09054325955734,24
"547","{other vegetables,tropical fruit} => {root vegetables}",0.0120535714285714,0.333333333333333,3.04761904761905,27
"515","{tropical fruit,whole milk} => {whipped/sour cream}",0.0102678571428571,0.239583333333333,3.03201506591337,23
"470","{other vegetables,whole milk} => {frozen vegetables}",0.0102678571428571,0.141975308641975,3.02880658436214,23
"478","{curd,whole milk} => {yogurt}",0.0129464285714286,0.420289855072464,3.02716808798173,29
"497","{whole milk,yogurt} => {fruit/vegetable juice}",0.0125,0.222222222222222,2.99866131191432,28
"258","{pip fruit} => {tropical fruit}",0.0214285714285714,0.307692307692308,2.99665551839465,48
"259","{tropical fruit} => {pip fruit}",0.0214285714285714,0.208695652173913,2.99665551839465,48
"518","{root vegetables,whole milk} => {whipped/sour cream}",0.0111607142857143,0.233644859813084,2.95686150271926,25
"521","{other vegetables,yogurt} => {whipped/sour cream}",0.0107142857142857,0.230769230769231,2.92046936114733,24
"569","{whole milk,yogurt} => {root vegetables}",0.0178571428571429,0.317460317460317,2.90249433106576,40
"566","{other vegetables,yogurt} => {root vegetables}",0.0147321428571429,0.317307692307692,2.9010989010989,33
"513","{tropical fruit,whipped/sour cream} => {whole milk}",0.0102678571428571,0.741935483870968,2.87035489442309,23
"238","{curd} => {whipped/sour cream}",0.0142857142857143,0.225352112676056,2.85191374234105,32
"239","{whipped/sour cream} => {curd}",0.0142857142857143,0.180790960451977,2.85191374234105,32
"546","{root vegetables,tropical fruit} => {other vegetables}",0.0120535714285714,0.551020408163265,2.83743842364532,27
"476","{rolls/buns,whole milk} => {margarine}",0.0107142857142857,0.176470588235294,2.82352941176471,24
"578","{other vegetables,whole milk} => {root vegetables}",0.0223214285714286,0.308641975308642,2.82186948853616,50
"508","{sausage,whole milk} => {yogurt}",0.0120535714285714,0.391304347826087,2.81839787501748,27
"519","{whipped/sour cream,yogurt} => {other vegetables}",0.0107142857142857,0.545454545454545,2.80877742946708,24
"506","{other vegetables,yogurt} => {sausage}",0.0111607142857143,0.240384615384615,2.76134122287968,25
"517","{whipped/sour cream,whole milk} => {root vegetables}",0.0111607142857143,0.301204819277108,2.75387263339071,25
"527","{other vegetables,whole milk} => {whipped/sour cream}",0.015625,0.216049382716049,2.7341842784404,35
"492","{fruit/vegetable juice,yogurt} => {other vegetables}",0.0116071428571429,0.530612244897959,2.73234811165846,26
"514","{whipped/sour cream,whole milk} => {tropical fruit}",0.0102678571428571,0.27710843373494,2.69879518072289,23
"503","{rolls/buns,soda} => {sausage}",0.0102678571428571,0.23469387755102,2.6959706959707,23
"568","{root vegetables,whole milk} => {yogurt}",0.0178571428571429,0.373831775700935,2.69255041019323,40
"488","{other vegetables,whole milk} => {pip fruit}",0.0133928571428571,0.185185185185185,2.65906932573599,30
"114","{beef} => {root vegetables}",0.0160714285714286,0.290322580645161,2.65437788018433,36
"115","{root vegetables} => {beef}",0.0160714285714286,0.146938775510204,2.65437788018433,36
"74","{cream cheese } => {citrus fruit}",0.0102678571428571,0.25,2.64150943396226,23
"75","{citrus fruit} => {cream cheese }",0.0102678571428571,0.108490566037736,2.64150943396226,23
"246","{curd} => {yogurt}",0.0232142857142857,0.366197183098592,2.63756170463294,52
"247","{yogurt} => {curd}",0.0232142857142857,0.167202572347267,2.63756170463294,52
"548","{other vegetables,root vegetables} => {tropical fruit}",0.0120535714285714,0.27,2.6295652173913,27
"557","{whole milk,yogurt} => {tropical fruit}",0.0151785714285714,0.26984126984127,2.6280193236715,34
"5","{other vegetables} => {meat}",0.0120535714285714,0.0620689655172414,2.62329212752115,27
"4","{meat} => {other vegetables}",0.0120535714285714,0.509433962264151,2.62329212752114,27
"554","{other vegetables,yogurt} => {tropical fruit}",0.0125,0.269230769230769,2.62207357859532,28
"524","{whole milk,yogurt} => {whipped/sour cream}",0.0116071428571429,0.206349206349206,2.61142498430634,26
"2","{whole milk} => {baking powder}",0.0129464285714286,0.0500863557858377,2.60914969675061,29
"1","{baking powder} => {whole milk}",0.0129464285714286,0.674418604651163,2.60914969675061,29
"550","{tropical fruit,whole milk} => {root vegetables}",0.0120535714285714,0.28125,2.57142857142857,27
"556","{tropical fruit,whole milk} => {yogurt}",0.0151785714285714,0.354166666666667,2.55091103965702,34
"473","{other vegetables,whole milk} => {butter}",0.0102678571428571,0.141975308641975,2.5441975308642,23
"520","{other vegetables,whipped/sour cream} => {yogurt}",0.0107142857142857,0.352941176470588,2.5420843578589,24
"530","{other vegetables,root vegetables} => {citrus fruit}",0.0107142857142857,0.24,2.53584905660377,24
"237","{pip fruit} => {curd}",0.0111607142857143,0.16025641025641,2.5279884434814,25
"236","{curd} => {pip fruit}",0.0111607142857143,0.176056338028169,2.5279884434814,25
"504","{sausage,yogurt} => {other vegetables}",0.0111607142857143,0.490196078431373,2.52422808203741,25
"487","{pip fruit,whole milk} => {other vegetables}",0.0133928571428571,0.483870967741935,2.4916573971079,30
"553","{other vegetables,tropical fruit} => {yogurt}",0.0125,0.345679012345679,2.48977809535151,28
"483","{pip fruit,tropical fruit} => {other vegetables}",0.0102678571428571,0.479166666666667,2.46743295019157,23
"509","{whole milk,yogurt} => {sausage}",0.0120535714285714,0.214285714285714,2.46153846153846,27
"551","{root vegetables,whole milk} => {tropical fruit}",0.0120535714285714,0.252336448598131,2.45753758634701,27
"82","{white bread} => {shopping bags}",0.0102678571428571,0.247311827956989,2.45123227709582,23
"83","{shopping bags} => {white bread}",0.0102678571428571,0.101769911504425,2.45123227709582,23
"491","{other vegetables,whole milk} => {domestic eggs}",0.0116071428571429,0.160493827160494,2.445620223398,26
"212","{butter} => {root vegetables}",0.0147321428571429,0.264,2.41371428571429,33
"213","{root vegetables} => {butter}",0.0147321428571429,0.13469387755102,2.41371428571429,33
"90","{frozen vegetables} => {tropical fruit}",0.0116071428571429,0.247619047619048,2.41159420289855,26
"91","{tropical fruit} => {frozen vegetables}",0.0116071428571429,0.11304347826087,2.41159420289855,26
"577","{root vegetables,whole milk} => {other vegetables}",0.0223214285714286,0.467289719626168,2.40627349876464,50
"468","{frozen vegetables,other vegetables} => {whole milk}",0.0102678571428571,0.621621621621622,2.40489193857069,23
"565","{other vegetables,root vegetables} => {yogurt}",0.0147321428571429,0.33,2.37684887459807,33
"552","{tropical fruit,yogurt} => {other vegetables}",0.0125,0.459016393442623,2.36367062370454,28
"564","{root vegetables,yogurt} => {other vegetables}",0.0147321428571429,0.458333333333333,2.36015325670498,33
"76","{cream cheese } => {yogurt}",0.0133928571428571,0.326086956521739,2.3486648958479,30
"77","{yogurt} => {cream cheese }",0.0133928571428571,0.0964630225080386,2.3486648958479,30
"482","{other vegetables,whole milk} => {curd}",0.0107142857142857,0.148148148148148,2.33698487219614,24
"469","{frozen vegetables,whole milk} => {other vegetables}",0.0102678571428571,0.450980392156863,2.32228983547442,23
"18","{waffles} => {soda}",0.0129464285714286,0.408450704225352,2.3221562879817,29
"19","{soda} => {waffles}",0.0129464285714286,0.0736040609137056,2.3221562879817,29
"48","{dessert} => {yogurt}",0.0129464285714286,0.322222222222222,2.32082886745266,29
"49","{yogurt} => {dessert}",0.0129464285714286,0.0932475884244373,2.32082886745266,29
"100","{pork} => {whipped/sour cream}",0.0102678571428571,0.182539682539683,2.31010671688638,23
"101","{whipped/sour cream} => {pork}",0.0102678571428571,0.129943502824859,2.31010671688638,23
"516","{root vegetables,whipped/sour cream} => {whole milk}",0.0111607142857143,0.595238095238095,2.3028209556707,25
"301","{whipped/sour cream} => {fruit/vegetable juice}",0.0133928571428571,0.169491525423729,2.28711455993465,30
"300","{fruit/vegetable juice} => {whipped/sour cream}",0.0133928571428571,0.180722891566265,2.28711455993465,30
"522","{whipped/sour cream,yogurt} => {whole milk}",0.0116071428571429,0.590909090909091,2.28607316690218,26
"523","{whipped/sour cream,whole milk} => {yogurt}",0.0116071428571429,0.313253012048193,2.25622748227637,26
"14","{ham} => {other vegetables}",0.0120535714285714,0.435483870967742,2.24249165739711,27
"15","{other vegetables} => {ham}",0.0120535714285714,0.0620689655172414,2.24249165739711,27
"256","{pip fruit} => {citrus fruit}",0.0147321428571429,0.211538461538462,2.23512336719884,33
"257","{citrus fruit} => {pip fruit}",0.0147321428571429,0.155660377358491,2.23512336719884,33
"62","{chicken} => {other vegetables}",0.0160714285714286,0.433734939759036,2.23348566680515,36
"63","{other vegetables} => {chicken}",0.0160714285714286,0.0827586206896552,2.23348566680515,36
"471","{butter,other vegetables} => {whole milk}",0.0102678571428571,0.575,2.22452504317789,23
"599","{other vegetables,whole milk} => {yogurt}",0.0223214285714286,0.308641975308642,2.22301615656385,50
"501","{sausage,soda} => {rolls/buns}",0.0102678571428571,0.442307692307692,2.21153846153846,23
"474","{margarine,rolls/buns} => {whole milk}",0.0107142857142857,0.571428571428571,2.21070811744387,24
"480","{curd,other vegetables} => {whole milk}",0.0107142857142857,0.571428571428571,2.21070811744387,24
"495","{fruit/vegetable juice,yogurt} => {whole milk}",0.0125,0.571428571428571,2.21070811744387,28
"535","{citrus fruit,whole milk} => {other vegetables}",0.0147321428571429,0.423076923076923,2.17860300618921,33
"526","{whipped/sour cream,whole milk} => {other vegetables}",0.015625,0.421686746987952,2.17144439828279,35
"384","{whipped/sour cream} => {root vegetables}",0.01875,0.23728813559322,2.16949152542373,42
"385","{root vegetables} => {whipped/sour cream}",0.01875,0.171428571428571,2.16949152542373,42
"398","{citrus fruit} => {tropical fruit}",0.0209821428571429,0.221698113207547,2.1591468416735,47
"399","{tropical fruit} => {citrus fruit}",0.0209821428571429,0.204347826086957,2.1591468416735,47
"477","{curd,yogurt} => {whole milk}",0.0129464285714286,0.557692307692308,2.15756609538993,29
"555","{tropical fruit,yogurt} => {whole milk}",0.0151785714285714,0.557377049180328,2.15634644242476,34
"570","{rolls/buns,root vegetables} => {other vegetables}",0.0102678571428571,0.418181818181818,2.1533960292581,23
"536","{other vegetables,whole milk} => {citrus fruit}",0.0147321428571429,0.203703703703704,2.15234102026555,33
"280","{domestic eggs} => {whipped/sour cream}",0.0111607142857143,0.170068027210884,2.15227333871402,25
"281","{whipped/sour cream} => {domestic eggs}",0.0111607142857143,0.141242937853107,2.15227333871402,25
"567","{root vegetables,yogurt} => {whole milk}",0.0178571428571429,0.555555555555556,2.14929955862598,40
"572","{other vegetables,rolls/buns} => {root vegetables}",0.0102678571428571,0.23469387755102,2.14577259475219,23
"8","{sliced cheese} => {rolls/buns}",0.0107142857142857,0.428571428571429,2.14285714285714,24
"9","{rolls/buns} => {sliced cheese}",0.0107142857142857,0.0535714285714286,2.14285714285714,24
"549","{root vegetables,tropical fruit} => {whole milk}",0.0120535714285714,0.551020408163265,2.13175425610659,27
"312","{fruit/vegetable juice} => {yogurt}",0.021875,0.295180722891566,2.12606051214504,49
"313","{yogurt} => {fruit/vegetable juice}",0.021875,0.157556270096463,2.12606051214504,49
"17","{whole milk} => {ham}",0.0151785714285714,0.0587219343696028,2.12156666109533,34
"16","{ham} => {whole milk}",0.0151785714285714,0.548387096774194,2.12156666109533,34
"440","{root vegetables} => {yogurt}",0.0321428571428571,0.293877551020408,2.1166743224621,72
"441","{yogurt} => {root vegetables}",0.0321428571428571,0.231511254019293,2.1166743224621,72
"272","{domestic eggs} => {fruit/vegetable juice}",0.0102678571428571,0.156462585034014,2.11130235226621,23
"273","{fruit/vegetable juice} => {domestic eggs}",0.0102678571428571,0.13855421686747,2.11130235226621,23
"274","{domestic eggs} => {sausage}",0.0120535714285714,0.183673469387755,2.10989010989011,27
"275","{sausage} => {domestic eggs}",0.0120535714285714,0.138461538461538,2.10989010989011,27
"563","{other vegetables,whole milk} => {tropical fruit}",0.015625,0.216049382716049,2.10413311862587,35
"444","{root vegetables} => {other vegetables}",0.0446428571428571,0.408163265306122,2.10180623973727,100
"445","{other vegetables} => {root vegetables}",0.0446428571428571,0.229885057471264,2.10180623973727,100
"92","{frozen vegetables} => {root vegetables}",0.0107142857142857,0.228571428571429,2.08979591836735,24
"93","{root vegetables} => {frozen vegetables}",0.0107142857142857,0.0979591836734694,2.08979591836735,24
"186","{brown bread} => {yogurt}",0.0178571428571429,0.289855072463768,2.08770212964257,40
"187","{yogurt} => {brown bread}",0.0178571428571429,0.128617363344051,2.08770212964257,40
"37","{onions} => {other vegetables}",0.0151785714285714,0.404761904761905,2.08429118773946,34
"38","{other vegetables} => {onions}",0.0151785714285714,0.0781609195402299,2.08429118773946,34
"277","{pastry} => {domestic eggs}",0.0125,0.136585365853659,2.08130081300813,28
"276","{domestic eggs} => {pastry}",0.0125,0.19047619047619,2.08130081300813,28
"78","{cream cheese } => {other vegetables}",0.0165178571428571,0.402173913043478,2.07096451774113,37
"79","{other vegetables} => {cream cheese }",0.0165178571428571,0.0850574712643678,2.07096451774113,37
"507","{sausage,yogurt} => {whole milk}",0.0120535714285714,0.529411764705882,2.04815604998476,27
"112","{beef} => {citrus fruit}",0.0107142857142857,0.193548387096774,2.04503956177724,24
"113","{citrus fruit} => {beef}",0.0107142857142857,0.113207547169811,2.04503956177724,24
"598","{whole milk,yogurt} => {other vegetables}",0.0223214285714286,0.396825396825397,2.04342273307791,50
"486","{other vegetables,pip fruit} => {whole milk}",0.0133928571428571,0.526315789473684,2.03617852922462,30
"490","{domestic eggs,whole milk} => {other vegetables}",0.0116071428571429,0.393939393939394,2.02856147683734,26
"512","{rolls/buns,whole milk} => {sausage}",0.0107142857142857,0.176470588235294,2.02714932126697,24
"108","{pork} => {other vegetables}",0.021875,0.388888888888889,2.00255427841635,49
"109","{other vegetables} => {pork}",0.021875,0.11264367816092,2.00255427841635,49
"475","{margarine,whole milk} => {rolls/buns}",0.0107142857142857,0.4,2,24
"500","{other vegetables,whole milk} => {fruit/vegetable juice}",0.0107142857142857,0.148148148148148,1.99910754127622,24
"151","{sausage} => {frankfurter}",0.0107142857142857,0.123076923076923,1.99777034559643,24
"150","{frankfurter} => {sausage}",0.0107142857142857,0.173913043478261,1.99777034559643,24
"31","{berries} => {yogurt}",0.0102678571428571,0.27710843373494,1.99589354201371,23
"32","{yogurt} => {berries}",0.0102678571428571,0.0739549839228296,1.99589354201371,23
"525","{other vegetables,whipped/sour cream} => {whole milk}",0.015625,0.514705882352941,1.99126282637407,35
"287","{root vegetables} => {domestic eggs}",0.0142857142857143,0.130612244897959,1.99028182701652,32
"286","{domestic eggs} => {root vegetables}",0.0142857142857143,0.217687074829932,1.99028182701652,32
"152","{frankfurter} => {pastry}",0.0111607142857143,0.181159420289855,1.97949805585012,25
"153","{pastry} => {frankfurter}",0.0111607142857143,0.121951219512195,1.97949805585012,25
"392","{whipped/sour cream} => {other vegetables}",0.0303571428571429,0.384180790960452,1.9783102798883,68
"393","{other vegetables} => {whipped/sour cream}",0.0303571428571429,0.15632183908046,1.9783102798883,68
"299","{pastry} => {fruit/vegetable juice}",0.0133928571428571,0.146341463414634,1.97472818101675,30
"298","{fruit/vegetable juice} => {pastry}",0.0133928571428571,0.180722891566265,1.97472818101675,30
"472","{butter,whole milk} => {other vegetables}",0.0102678571428571,0.383333333333333,1.97394636015326,23
"538","{bottled water,whole milk} => {yogurt}",0.0107142857142857,0.272727272727273,1.96433791289097,24
"499","{fruit/vegetable juice,whole milk} => {other vegetables}",0.0107142857142857,0.380952380952381,1.96168582375479,24
"158","{frankfurter} => {rolls/buns}",0.0241071428571429,0.391304347826087,1.95652173913044,54
"159","{rolls/buns} => {frankfurter}",0.0241071428571429,0.120535714285714,1.95652173913043,54
"427","{root vegetables} => {tropical fruit}",0.021875,0.2,1.94782608695652,49
"426","{tropical fruit} => {root vegetables}",0.021875,0.21304347826087,1.94782608695652,49
"254","{pip fruit} => {whipped/sour cream}",0.0107142857142857,0.153846153846154,1.94697957409822,24
"255","{whipped/sour cream} => {pip fruit}",0.0107142857142857,0.135593220338983,1.94697957409822,24
"533","{rolls/buns,whole milk} => {citrus fruit}",0.0111607142857143,0.183823529411765,1.94228634850167,25
"576","{other vegetables,root vegetables} => {whole milk}",0.0223214285714286,0.5,1.93436960276339,50
"94","{frozen vegetables} => {yogurt}",0.0125,0.266666666666667,1.92068595927117,28
"95","{yogurt} => {frozen vegetables}",0.0125,0.090032154340836,1.92068595927117,28
"243","{tropical fruit} => {curd}",0.0125,0.121739130434783,1.9203919167177,28
"242","{curd} => {tropical fruit}",0.0125,0.197183098591549,1.9203919167177,28
"176","{brown bread} => {sausage}",0.0102678571428571,0.166666666666667,1.91452991452991,23
"177","{sausage} => {brown bread}",0.0102678571428571,0.117948717948718,1.91452991452991,23
"430","{tropical fruit} => {yogurt}",0.0272321428571429,0.265217391304348,1.91024744862296,61
"431","{yogurt} => {tropical fruit}",0.0272321428571429,0.196141479099678,1.91024744862296,61
"380","{whipped/sour cream} => {citrus fruit}",0.0142857142857143,0.180790960451977,1.91024411043599,32
"381","{citrus fruit} => {whipped/sour cream}",0.0142857142857143,0.150943396226415,1.91024411043599,32
"180","{brown bread} => {tropical fruit}",0.0120535714285714,0.195652173913043,1.9054820415879,27
"181","{tropical fruit} => {brown bread}",0.0120535714285714,0.117391304347826,1.9054820415879,27
"11","{other vegetables} => {hamburger meat}",0.0120535714285714,0.0620689655172414,1.90458195559754,27
"10","{hamburger meat} => {other vegetables}",0.0120535714285714,0.36986301369863,1.90458195559754,27
"138","{napkins} => {bottled water}",0.0120535714285714,0.236842105263158,1.90152801358234,27
"139","{bottled water} => {napkins}",0.0120535714285714,0.0967741935483871,1.90152801358234,27
"489","{domestic eggs,other vegetables} => {whole milk}",0.0116071428571429,0.490566037735849,1.8978720630886,26
"589","{soda,whole milk} => {other vegetables}",0.015625,0.368421052631579,1.89715668481549,35
"119","{rolls/buns} => {beef}",0.0209821428571429,0.104910714285714,1.89516129032258,47
"118","{beef} => {rolls/buns}",0.0209821428571429,0.379032258064516,1.89516129032258,47
"222","{margarine} => {citrus fruit}",0.0111607142857143,0.178571428571429,1.88679245283019,25
"223","{citrus fruit} => {margarine}",0.0111607142857143,0.117924528301887,1.88679245283019,25
"304","{fruit/vegetable juice} => {bottled water}",0.0174107142857143,0.234939759036145,1.88625469620417,39
"305","{bottled water} => {fruit/vegetable juice}",0.0174107142857143,0.139784946236559,1.88625469620417,39
"334","{sausage} => {yogurt}",0.0227678571428571,0.261538461538462,1.88374969082365,51
"335","{yogurt} => {sausage}",0.0227678571428571,0.163987138263666,1.88374969082365,51
"268","{pip fruit} => {other vegetables}",0.0254464285714286,0.365384615384615,1.8815207780725,57
"269","{other vegetables} => {pip fruit}",0.0254464285714286,0.131034482758621,1.8815207780725,57
"252","{curd} => {whole milk}",0.0308035714285714,0.485915492957746,1.8798803181785,69
"253","{whole milk} => {curd}",0.0308035714285714,0.119170984455959,1.8798803181785,69
"98","{frozen vegetables} => {whole milk}",0.0227678571428571,0.485714285714286,1.87910189982729,51
"99","{whole milk} => {frozen vegetables}",0.0227678571428571,0.0880829015544041,1.87910189982729,51
"562","{tropical fruit,whole milk} => {other vegetables}",0.015625,0.364583333333333,1.87739463601533,35
"232","{margarine} => {other vegetables}",0.0227678571428571,0.364285714285714,1.87586206896552,51
"233","{other vegetables} => {margarine}",0.0227678571428571,0.117241379310345,1.87586206896552,51
"210","{butter} => {tropical fruit}",0.0107142857142857,0.192,1.86991304347826,24
"211","{tropical fruit} => {butter}",0.0107142857142857,0.104347826086957,1.86991304347826,24
"502","{rolls/buns,sausage} => {soda}",0.0102678571428571,0.328571428571429,1.86802030456853,23
"178","{brown bread} => {shopping bags}",0.0116071428571429,0.188405797101449,1.86738489162498,26
"179","{shopping bags} => {brown bread}",0.0116071428571429,0.115044247787611,1.86738489162498,26
"241","{citrus fruit} => {curd}",0.0111607142857143,0.117924528301887,1.86021791124103,25
"240","{curd} => {citrus fruit}",0.0111607142857143,0.176056338028169,1.86021791124103,25
"597","{other vegetables,yogurt} => {whole milk}",0.0223214285714286,0.480769230769231,1.85997077188787,50
"220","{butter} => {whole milk}",0.0267857142857143,0.48,1.85699481865285,60
"221","{whole milk} => {butter}",0.0267857142857143,0.103626943005181,1.85699481865285,60
"294","{domestic eggs} => {other vegetables}",0.0236607142857143,0.360544217687075,1.85659551176793,53
"295","{other vegetables} => {domestic eggs}",0.0236607142857143,0.12183908045977,1.85659551176793,53
"228","{margarine} => {yogurt}",0.0160714285714286,0.257142857142857,1.85209003215434,36
"229","{yogurt} => {margarine}",0.0160714285714286,0.115755627009646,1.85209003215434,36
"6","{butter milk} => {other vegetables}",0.0102678571428571,0.359375,1.85057471264368,23
"7","{other vegetables} => {butter milk}",0.0102678571428571,0.0528735632183908,1.85057471264368,23
"70","{sugar} => {other vegetables}",0.0133928571428571,0.357142857142857,1.83908045977011,30
"71","{other vegetables} => {sugar}",0.0133928571428571,0.0689655172413793,1.83908045977011,30
"498","{fruit/vegetable juice,other vegetables} => {whole milk}",0.0107142857142857,0.470588235294118,1.82058315554201,24
"580","{soda,whole milk} => {yogurt}",0.0107142857142857,0.252631578947368,1.81959722457269,24
"64","{chicken} => {whole milk}",0.0174107142857143,0.469879518072289,1.81784131344029,39
"65","{whole milk} => {chicken}",0.0174107142857143,0.0673575129533679,1.81784131344029,39
"55","{soda} => {chocolate}",0.0138392857142857,0.0786802030456853,1.81694489507562,31
"54","{chocolate} => {soda}",0.0138392857142857,0.319587628865979,1.81694489507562,31
"260","{pip fruit} => {root vegetables}",0.0138392857142857,0.198717948717949,1.81684981684982,31
"261","{root vegetables} => {pip fruit}",0.0138392857142857,0.126530612244898,1.81684981684982,31
"96","{frozen vegetables} => {other vegetables}",0.0165178571428571,0.352380952380952,1.81455938697318,37
"97","{other vegetables} => {frozen vegetables}",0.0165178571428571,0.0850574712643678,1.81455938697318,37
"394","{whipped/sour cream} => {whole milk}",0.0370535714285714,0.468926553672316,1.81415454270464,83
"395","{whole milk} => {whipped/sour cream}",0.0370535714285714,0.143350604490501,1.81415454270464,83
"103","{root vegetables} => {pork}",0.0111607142857143,0.102040816326531,1.8140589569161,25
"102","{pork} => {root vegetables}",0.0111607142857143,0.198412698412698,1.8140589569161,25
"434","{tropical fruit} => {other vegetables}",0.0361607142857143,0.352173913043478,1.81349325337331,81
"435","{other vegetables} => {tropical fruit}",0.0361607142857143,0.186206896551724,1.81349325337331,81
"290","{domestic eggs} => {yogurt}",0.0165178571428571,0.251700680272109,1.81289235951615,37
"291","{yogurt} => {domestic eggs}",0.0165178571428571,0.118971061093248,1.81289235951615,37
"264","{pip fruit} => {yogurt}",0.0174107142857143,0.25,1.80064308681672,39
"265","{yogurt} => {pip fruit}",0.0174107142857143,0.12540192926045,1.80064308681672,39
"534","{citrus fruit,other vegetables} => {whole milk}",0.0147321428571429,0.464788732394366,1.79814639130117,33
"336","{sausage} => {rolls/buns}",0.03125,0.358974358974359,1.79487179487179,70
"337","{rolls/buns} => {sausage}",0.03125,0.15625,1.79487179487179,70
"481","{curd,whole milk} => {other vegetables}",0.0107142857142857,0.347826086956522,1.79110444777611,24
"388","{whipped/sour cream} => {yogurt}",0.0196428571428571,0.248587570621469,1.79046996203245,44
"389","{yogurt} => {whipped/sour cream}",0.0196428571428571,0.141479099678457,1.79046996203245,44
"560","{rolls/buns,whole milk} => {tropical fruit}",0.0111607142857143,0.183823529411765,1.79028132992327,25
"284","{domestic eggs} => {tropical fruit}",0.0120535714285714,0.183673469387755,1.7888198757764,27
"285","{tropical fruit} => {domestic eggs}",0.0120535714285714,0.117391304347826,1.7888198757764,27
"120","{beef} => {other vegetables}",0.0191964285714286,0.346774193548387,1.78568780126066,43
"121","{other vegetables} => {beef}",0.0191964285714286,0.0988505747126437,1.78568780126066,43
"84","{white bread} => {yogurt}",0.0102678571428571,0.247311827956989,1.78128133319504,23
"85","{yogurt} => {white bread}",0.0102678571428571,0.0739549839228296,1.78128133319503,23
"593","{other vegetables,rolls/buns} => {yogurt}",0.0107142857142857,0.244897959183673,1.76389526871842,24
"226","{margarine} => {root vegetables}",0.0120535714285714,0.192857142857143,1.76326530612245,27
"227","{root vegetables} => {margarine}",0.0120535714285714,0.110204081632653,1.76326530612245,27
"309","{root vegetables} => {fruit/vegetable juice}",0.0142857142857143,0.130612244897959,1.76247848537005,32
"308","{fruit/vegetable juice} => {root vegetables}",0.0142857142857143,0.192771084337349,1.76247848537005,32
"306","{fruit/vegetable juice} => {tropical fruit}",0.0133928571428571,0.180722891566265,1.76008381351493,30
"307","{tropical fruit} => {fruit/vegetable juice}",0.0133928571428571,0.130434782608696,1.76008381351493,30
"573","{rolls/buns,root vegetables} => {whole milk}",0.0111607142857143,0.454545454545455,1.75851782069399,25
"190","{brown bread} => {other vegetables}",0.0209821428571429,0.340579710144928,1.75378977178078,47
"191","{other vegetables} => {brown bread}",0.0209821428571429,0.108045977011494,1.75378977178078,47
"72","{sugar} => {whole milk}",0.0169642857142857,0.452380952380952,1.75014392630973,38
"73","{whole milk} => {sugar}",0.0169642857142857,0.0656303972366149,1.75014392630973,38
"12","{hamburger meat} => {whole milk}",0.0147321428571429,0.452054794520548,1.74888210660799,33
"13","{whole milk} => {hamburger meat}",0.0147321428571429,0.0569948186528497,1.74888210660799,33
"511","{sausage,whole milk} => {rolls/buns}",0.0107142857142857,0.347826086956522,1.73913043478261,24
"321","{pastry} => {sausage}",0.0138392857142857,0.151219512195122,1.73708567854909,31
"320","{sausage} => {pastry}",0.0138392857142857,0.158974358974359,1.73708567854909,31
"296","{domestic eggs} => {whole milk}",0.0294642857142857,0.448979591836735,1.73698494942018,66
"297","{whole milk} => {domestic eggs}",0.0294642857142857,0.113989637305699,1.73698494942018,66
"194","{coffee} => {pastry}",0.0111607142857143,0.158227848101266,1.72892868169188,25
"195","{pastry} => {coffee}",0.0111607142857143,0.121951219512195,1.72892868169188,25
"531","{citrus fruit,rolls/buns} => {whole milk}",0.0111607142857143,0.446428571428571,1.72711571675302,25
"409","{other vegetables} => {citrus fruit}",0.0316964285714286,0.163218390804598,1.72457167642594,71
"408","{citrus fruit} => {other vegetables}",0.0316964285714286,0.334905660377358,1.72457167642594,71
"80","{cream cheese } => {whole milk}",0.0183035714285714,0.445652173913043,1.72411203724563,41
"81","{whole milk} => {cream cheese }",0.0183035714285714,0.0708117443868739,1.72411203724563,41
"458","{yogurt} => {other vegetables}",0.0464285714285714,0.334405144694534,1.72199430831208,104
"459","{other vegetables} => {yogurt}",0.0464285714285714,0.239080459770115,1.72199430831208,104
"3","{detergent} => {whole milk}",0.0107142857142857,0.444444444444444,1.71943964690079,24
"594","{rolls/buns,yogurt} => {whole milk}",0.0142857142857143,0.444444444444444,1.71943964690079,32
"302","{fruit/vegetable juice} => {citrus fruit}",0.0120535714285714,0.162650602409639,1.71857240281882,27
"303","{citrus fruit} => {fruit/vegetable juice}",0.0120535714285714,0.127358490566038,1.71857240281882,27
"591","{rolls/buns,yogurt} => {other vegetables}",0.0107142857142857,0.333333333333333,1.71647509578544,24
"382","{whipped/sour cream} => {tropical fruit}",0.0138392857142857,0.175141242937853,1.7057234094817,31
"383","{tropical fruit} => {whipped/sour cream}",0.0138392857142857,0.134782608695652,1.7057234094817,31
"404","{citrus fruit} => {yogurt}",0.0223214285714286,0.235849056603774,1.69871989322332,50
"405","{yogurt} => {citrus fruit}",0.0223214285714286,0.160771704180064,1.69871989322332,50
"596","{rolls/buns,whole milk} => {yogurt}",0.0142857142857143,0.235294117647059,1.69472290523927,32
"446","{root vegetables} => {whole milk}",0.0477678571428571,0.436734693877551,1.68961263261781,107
"447","{whole milk} => {root vegetables}",0.0477678571428571,0.184801381692573,1.68961263261781,107
"401","{root vegetables} => {citrus fruit}",0.0174107142857143,0.159183673469388,1.68194070080863,39
"400","{citrus fruit} => {root vegetables}",0.0174107142857143,0.183962264150943,1.68194070080863,39
"575","{rolls/buns,whole milk} => {root vegetables}",0.0111607142857143,0.183823529411765,1.68067226890756,25
"244","{curd} => {root vegetables}",0.0116071428571429,0.183098591549296,1.67404426559356,26
"245","{root vegetables} => {curd}",0.0116071428571429,0.106122448979592,1.67404426559356,26
"24","{salty snack} => {other vegetables}",0.0116071428571429,0.325,1.6735632183908,26
"25","{other vegetables} => {salty snack}",0.0116071428571429,0.0597701149425287,1.6735632183908,26
"561","{other vegetables,tropical fruit} => {whole milk}",0.015625,0.432098765432099,1.67167743448688,35
"86","{white bread} => {other vegetables}",0.0133928571428571,0.32258064516129,1.66110493140527,30
"87","{other vegetables} => {white bread}",0.0133928571428571,0.0689655172413793,1.66110493140527,30
"234","{margarine} => {whole milk}",0.0267857142857143,0.428571428571429,1.6580310880829,60
"235","{whole milk} => {margarine}",0.0267857142857143,0.103626943005181,1.6580310880829,60
"600","{other vegetables,rolls/buns} => {whole milk}",0.01875,0.428571428571429,1.6580310880829,42
"154","{frankfurter} => {root vegetables}",0.0111607142857143,0.181159420289855,1.65631469979296,25
"155","{root vegetables} => {frankfurter}",0.0111607142857143,0.102040816326531,1.65631469979296,25
"588","{other vegetables,soda} => {whole milk}",0.015625,0.426829268292683,1.65129112431021,35
"26","{oil} => {other vegetables}",0.0107142857142857,0.32,1.64781609195402,24
"218","{butter} => {other vegetables}",0.0178571428571429,0.32,1.64781609195402,40
"219","{other vegetables} => {butter}",0.0178571428571429,0.0919540229885057,1.64781609195402,40
"27","{other vegetables} => {oil}",0.0107142857142857,0.0551724137931034,1.64781609195402,24
"583","{other vegetables,soda} => {rolls/buns}",0.0120535714285714,0.329268292682927,1.64634146341463,27
"558","{rolls/buns,tropical fruit} => {whole milk}",0.0111607142857143,0.423728813559322,1.63929627352829,25
"397","{bottled water} => {citrus fruit}",0.0191964285714286,0.154121863799283,1.62845742882261,43
"396","{citrus fruit} => {bottled water}",0.0191964285714286,0.202830188679245,1.62845742882261,43
"110","{pork} => {whole milk}",0.0236607142857143,0.420634920634921,1.62732680867396,53
"111","{whole milk} => {pork}",0.0236607142857143,0.0915371329879102,1.62732680867396,53
"322","{sausage} => {shopping bags}",0.0142857142857143,0.164102564102564,1.6265032902201,32
"323","{shopping bags} => {sausage}",0.0142857142857143,0.141592920353982,1.6265032902201,32
"124","{bottled beer} => {bottled water}",0.0160714285714286,0.202247191011236,1.62377673069953,36
"125","{bottled water} => {bottled beer}",0.0160714285714286,0.129032258064516,1.62377673069953,36
"324","{sausage} => {whipped/sour cream}",0.0111607142857143,0.128205128205128,1.62248297841518,25
"325","{whipped/sour cream} => {sausage}",0.0111607142857143,0.141242937853107,1.62248297841518,25
"279","{shopping bags} => {domestic eggs}",0.0107142857142857,0.106194690265487,1.61820480404551,24
"278","{domestic eggs} => {shopping bags}",0.0107142857142857,0.163265306122449,1.61820480404551,24
"436","{tropical fruit} => {whole milk}",0.0428571428571429,0.417391304347826,1.61477810317639,96
"437","{whole milk} => {tropical fruit}",0.0428571428571429,0.16580310880829,1.61477810317639,96
"214","{butter} => {yogurt}",0.0125,0.224,1.61337620578778,28
"215","{yogurt} => {butter}",0.0125,0.090032154340836,1.61337620578778,28
"344","{pastry} => {whipped/sour cream}",0.0116071428571429,0.126829268292683,1.6050709659639,26
"345","{whipped/sour cream} => {pastry}",0.0116071428571429,0.146892655367232,1.6050709659639,26
"532","{citrus fruit,whole milk} => {rolls/buns}",0.0111607142857143,0.320512820512821,1.6025641025641,25
"40","{canned beer} => {shopping bags}",0.0125,0.160919540229885,1.59495473502187,28
"41","{shopping bags} => {canned beer}",0.0125,0.123893805309735,1.59495473502187,28
"601","{rolls/buns,whole milk} => {other vegetables}",0.01875,0.308823529411765,1.59026369168357,42
"182","{brown bread} => {root vegetables}",0.0107142857142857,0.173913043478261,1.59006211180124,24
"183","{root vegetables} => {brown bread}",0.0107142857142857,0.0979591836734694,1.59006211180124,24
"316","{fruit/vegetable juice} => {other vegetables}",0.0227678571428571,0.307228915662651,1.58205234732032,51
"317","{other vegetables} => {fruit/vegetable juice}",0.0227678571428571,0.117241379310345,1.58205234732032,51
"142","{napkins} => {yogurt}",0.0111607142857143,0.219298245614035,1.57951147966379,25
"143","{yogurt} => {napkins}",0.0111607142857143,0.0803858520900322,1.57951147966379,25
"22","{other vegetables} => {long life bakery product}",0.0102678571428571,0.0528735632183908,1.57915708812261,23
"21","{long life bakery product} => {other vegetables}",0.0102678571428571,0.306666666666667,1.57915708812261,23
"418","{bottled water} => {yogurt}",0.0272321428571429,0.218637992831541,1.57475596123039,61
"419","{yogurt} => {bottled water}",0.0272321428571429,0.196141479099678,1.57475596123039,61
"192","{brown bread} => {whole milk}",0.025,0.405797101449275,1.56992315586594,56
"193","{whole milk} => {brown bread}",0.025,0.0967184801381693,1.56992315586594,56
"460","{yogurt} => {whole milk}",0.05625,0.405144694533762,1.56739916365393,126
"461","{whole milk} => {yogurt}",0.05625,0.217616580310881,1.56739916365393,126
"584","{other vegetables,rolls/buns} => {soda}",0.0120535714285714,0.275510204081633,1.56635242929659,27
"33","{berries} => {other vegetables}",0.0111607142857143,0.301204819277108,1.55103171305913,25
"34","{other vegetables} => {berries}",0.0111607142857143,0.0574712643678161,1.55103171305913,25
"330","{sausage} => {root vegetables}",0.0147321428571429,0.169230769230769,1.54725274725275,33
"331","{root vegetables} => {sausage}",0.0147321428571429,0.13469387755102,1.54725274725275,33
"171","{rolls/buns} => {newspapers}",0.0236607142857143,0.118303571428571,1.5406976744186,53
"170","{newspapers} => {rolls/buns}",0.0236607142857143,0.308139534883721,1.5406976744186,53
"88","{white bread} => {whole milk}",0.0165178571428571,0.397849462365591,1.53917581295151,37
"89","{whole milk} => {white bread}",0.0165178571428571,0.0639032815198618,1.53917581295151,37
"35","{berries} => {whole milk}",0.0147321428571429,0.397590361445783,1.53817341906486,33
"36","{whole milk} => {berries}",0.0147321428571429,0.0569948186528497,1.53817341906486,33
"271","{whole milk} => {pip fruit}",0.0276785714285714,0.107081174438687,1.53757583809397,62
"270","{pip fruit} => {whole milk}",0.0276785714285714,0.397435897435897,1.53757583809397,62
"413","{tropical fruit} => {bottled water}",0.0196428571428571,0.191304347826087,1.53592021193704,44
"412","{bottled water} => {tropical fruit}",0.0196428571428571,0.157706093189964,1.53592021193704,44
"104","{pork} => {soda}",0.0151785714285714,0.26984126984127,1.53412295544275,34
"105","{soda} => {pork}",0.0151785714285714,0.0862944162436548,1.53412295544275,34
"67","{other vegetables} => {hygiene articles}",0.0111607142857143,0.0574712643678161,1.53256704980843,25
"66","{hygiene articles} => {other vegetables}",0.0111607142857143,0.297619047619048,1.53256704980843,25
"539","{whole milk,yogurt} => {bottled water}",0.0107142857142857,0.19047619047619,1.52927120669056,24
"250","{curd} => {other vegetables}",0.01875,0.295774647887324,1.5230694511899,42
"251","{other vegetables} => {curd}",0.01875,0.096551724137931,1.5230694511899,42
"537","{bottled water,yogurt} => {whole milk}",0.0107142857142857,0.39344262295082,1.52212690053512,24
"332","{sausage} => {soda}",0.0232142857142857,0.266666666666667,1.5160744500846,52
"333","{soda} => {sausage}",0.0232142857142857,0.131979695431472,1.5160744500846,52
"230","{margarine} => {rolls/buns}",0.01875,0.3,1.5,42
"231","{rolls/buns} => {margarine}",0.01875,0.09375,1.5,42
"342","{pastry} => {shopping bags}",0.0138392857142857,0.151219512195122,1.49881286423484,31
"343","{shopping bags} => {pastry}",0.0138392857142857,0.13716814159292,1.49881286423484,31
"122","{beef} => {whole milk}",0.0214285714285714,0.387096774193548,1.49757646665552,48
"123","{whole milk} => {beef}",0.0214285714285714,0.0829015544041451,1.49757646665552,48
"149","{whole milk} => {napkins}",0.0196428571428571,0.075993091537133,1.49319758809805,44
"148","{napkins} => {whole milk}",0.0196428571428571,0.385964912280702,1.49319758809805,44
"224","{margarine} => {bottled water}",0.0116071428571429,0.185714285714286,1.4910394265233,26
"225","{bottled water} => {margarine}",0.0116071428571429,0.0931899641577061,1.4910394265233,26
"146","{napkins} => {other vegetables}",0.0147321428571429,0.289473684210526,1.49062310949788,33
"147","{other vegetables} => {napkins}",0.0147321428571429,0.0758620689655172,1.49062310949788,33
"338","{sausage} => {other vegetables}",0.025,0.287179487179487,1.47880931329207,56
"339","{other vegetables} => {sausage}",0.025,0.128735632183908,1.47880931329207,56
"68","{hygiene articles} => {whole milk}",0.0142857142857143,0.380952380952381,1.47380541162925,32
"69","{whole milk} => {hygiene articles}",0.0142857142857143,0.0552677029360967,1.47380541162925,32
"318","{fruit/vegetable juice} => {whole milk}",0.028125,0.379518072289157,1.468256445471,63
"319","{whole milk} => {fruit/vegetable juice}",0.028125,0.10880829015544,1.468256445471,63
"116","{beef} => {yogurt}",0.0111607142857143,0.201612903225806,1.45213152162639,25
"117","{yogurt} => {beef}",0.0111607142857143,0.0803858520900322,1.45213152162639,25
"579","{soda,yogurt} => {whole milk}",0.0107142857142857,0.375,1.45077720207254,24
"28","{oil} => {whole milk}",0.0125,0.373333333333333,1.44432930339666,28
"197","{shopping bags} => {coffee}",0.0102678571428571,0.101769911504425,1.4428139352526,23
"196","{coffee} => {shopping bags}",0.0102678571428571,0.145569620253165,1.4428139352526,23
"466","{other vegetables} => {whole milk}",0.0723214285714286,0.372413793103448,1.44077184205825,162
"467","{whole milk} => {other vegetables}",0.0723214285714286,0.27979274611399,1.44077184205825,162
"370","{shopping bags} => {soda}",0.0254464285714286,0.252212389380531,1.4338978482548,57
"371","{soda} => {shopping bags}",0.0254464285714286,0.144670050761421,1.4338978482548,57
"292","{domestic eggs} => {rolls/buns}",0.01875,0.285714285714286,1.42857142857143,42
"293","{rolls/buns} => {domestic eggs}",0.01875,0.09375,1.42857142857143,42
"350","{pastry} => {tropical fruit}",0.0133928571428571,0.146341463414634,1.42523860021209,30
"351","{tropical fruit} => {pastry}",0.0133928571428571,0.130434782608696,1.42523860021209,30
"410","{citrus fruit} => {whole milk}",0.0348214285714286,0.367924528301887,1.42340404731645,78
"411","{whole milk} => {citrus fruit}",0.0348214285714286,0.134715025906736,1.42340404731645,78
"582","{rolls/buns,soda} => {other vegetables}",0.0120535714285714,0.275510204081633,1.41871921182266,27
"52","{dessert} => {whole milk}",0.0147321428571429,0.366666666666667,1.41853770869315,33
"53","{whole milk} => {dessert}",0.0147321428571429,0.0569948186528497,1.41853770869315,33
"416","{bottled water} => {soda}",0.0308035714285714,0.247311827956989,1.40603678838491,69
"417","{soda} => {bottled water}",0.0308035714285714,0.175126903553299,1.40603678838491,69
"356","{pastry} => {yogurt}",0.0178571428571429,0.195121951219512,1.40537997019842,40
"357","{yogurt} => {pastry}",0.0178571428571429,0.128617363344051,1.40537997019842,40
"362","{pastry} => {whole milk}",0.0330357142857143,0.360975609756098,1.39652049370235,74
"363","{whole milk} => {pastry}",0.0330357142857143,0.127806563039724,1.39652049370235,74
"140","{napkins} => {soda}",0.0125,0.245614035087719,1.39638436192003,28
"141","{soda} => {napkins}",0.0125,0.0710659898477157,1.39638436192003,28
"50","{dessert} => {other vegetables}",0.0107142857142857,0.266666666666667,1.37318007662835,24
"51","{other vegetables} => {dessert}",0.0107142857142857,0.0551724137931034,1.37318007662835,24
"310","{fruit/vegetable juice} => {soda}",0.0178571428571429,0.240963855421687,1.36994679224512,40
"311","{soda} => {fruit/vegetable juice}",0.0178571428571429,0.101522842639594,1.36994679224512,40
"340","{sausage} => {whole milk}",0.0308035714285714,0.353846153846154,1.36893848810947,69
"540","{bottled water,other vegetables} => {whole milk}",0.0102678571428571,0.353846153846154,1.36893848810947,23
"341","{whole milk} => {sausage}",0.0308035714285714,0.119170984455959,1.36893848810947,69
"586","{soda,whole milk} => {rolls/buns}",0.0116071428571429,0.273684210526316,1.36842105263158,26
"326","{sausage} => {citrus fruit}",0.0111607142857143,0.128205128205128,1.35462022254475,25
"327","{citrus fruit} => {sausage}",0.0111607142857143,0.117924528301887,1.35462022254475,25
"541","{bottled water,whole milk} => {other vegetables}",0.0102678571428571,0.261363636363636,1.34587251828631,23
"415","{root vegetables} => {bottled water}",0.0183035714285714,0.16734693877551,1.34357398873528,41
"414","{bottled water} => {root vegetables}",0.0183035714285714,0.146953405017921,1.34357398873528,41
"23","{long life bakery product} => {whole milk}",0.0116071428571429,0.346666666666667,1.34116292458261,26
"346","{pastry} => {citrus fruit}",0.0116071428571429,0.126829268292683,1.34008283479061,26
"347","{citrus fruit} => {pastry}",0.0116071428571429,0.122641509433962,1.34008283479061,26
"354","{pastry} => {soda}",0.0214285714285714,0.234146341463415,1.3311873220255,48
"355","{soda} => {pastry}",0.0214285714285714,0.121827411167513,1.3311873220255,48
"510","{rolls/buns,sausage} => {whole milk}",0.0107142857142857,0.342857142857143,1.32642487046632,24
"406","{citrus fruit} => {rolls/buns}",0.025,0.264150943396226,1.32075471698113,56
"407","{rolls/buns} => {citrus fruit}",0.025,0.125,1.32075471698113,56
"283","{bottled water} => {domestic eggs}",0.0107142857142857,0.0860215053763441,1.31080389144905,24
"282","{domestic eggs} => {bottled water}",0.0107142857142857,0.163265306122449,1.31080389144905,24
"20","{waffles} => {whole milk}",0.0107142857142857,0.338028169014085,1.30774283003722,24
"559","{tropical fruit,whole milk} => {rolls/buns}",0.0111607142857143,0.260416666666667,1.30208333333333,25
"602","{other vegetables,whole milk} => {rolls/buns}",0.01875,0.259259259259259,1.2962962962963,42
"369","{root vegetables} => {shopping bags}",0.0142857142857143,0.130612244897959,1.29456384323641,32
"368","{shopping bags} => {root vegetables}",0.0142857142857143,0.141592920353982,1.29456384323641,32
"358","{pastry} => {rolls/buns}",0.0236607142857143,0.258536585365854,1.29268292682927,53
"359","{rolls/buns} => {pastry}",0.0236607142857143,0.118303571428571,1.29268292682927,53
"126","{bottled beer} => {root vegetables}",0.0111607142857143,0.140449438202247,1.28410914927769,25
"127","{root vegetables} => {bottled beer}",0.0111607142857143,0.102040816326531,1.28410914927769,25
"432","{tropical fruit} => {rolls/buns}",0.0263392857142857,0.256521739130435,1.28260869565217,59
"433","{rolls/buns} => {tropical fruit}",0.0263392857142857,0.131696428571429,1.28260869565217,59
"128","{bottled beer} => {soda}",0.0178571428571429,0.224719101123595,1.27759082872298,40
"129","{soda} => {bottled beer}",0.0178571428571429,0.101522842639594,1.27759082872298,40
"376","{shopping bags} => {other vegetables}",0.025,0.247787610619469,1.2759637880175,56
"377","{other vegetables} => {shopping bags}",0.025,0.128735632183908,1.2759637880175,56
"58","{chocolate} => {other vegetables}",0.0107142857142857,0.247422680412371,1.27408460718095,24
"59","{other vegetables} => {chocolate}",0.0107142857142857,0.0551724137931034,1.27408460718095,24
"595","{whole milk,yogurt} => {rolls/buns}",0.0142857142857143,0.253968253968254,1.26984126984127,32
"249","{rolls/buns} => {curd}",0.0160714285714286,0.0803571428571429,1.26760563380282,36
"248","{curd} => {rolls/buns}",0.0160714285714286,0.253521126760563,1.26760563380282,36
"164","{newspapers} => {bottled water}",0.0120535714285714,0.156976744186047,1.26031507876969,27
"165","{bottled water} => {newspapers}",0.0120535714285714,0.0967741935483871,1.26031507876969,27
"174","{newspapers} => {whole milk}",0.025,0.325581395348837,1.25958950877616,56
"175","{whole milk} => {newspapers}",0.025,0.0967184801381693,1.25958950877616,56
"328","{sausage} => {tropical fruit}",0.0111607142857143,0.128205128205128,1.24860646599777,25
"329","{tropical fruit} => {sausage}",0.0111607142857143,0.108695652173913,1.24860646599777,25
"450","{soda} => {rolls/buns}",0.04375,0.248730964467005,1.24365482233503,98
"451","{rolls/buns} => {soda}",0.04375,0.21875,1.24365482233503,98
"288","{domestic eggs} => {soda}",0.0142857142857143,0.217687074829932,1.23761179598743,32
"289","{soda} => {domestic eggs}",0.0142857142857143,0.0812182741116751,1.23761179598743,32
"590","{other vegetables,whole milk} => {soda}",0.015625,0.216049382716049,1.22830105909632,35
"424","{bottled water} => {whole milk}",0.0392857142857143,0.315412186379928,1.22024749134895,88
"425","{whole milk} => {bottled water}",0.0392857142857143,0.151986183074266,1.22024749134895,88
"156","{frankfurter} => {yogurt}",0.0102678571428571,0.166666666666667,1.20042872454448,23
"157","{yogurt} => {frankfurter}",0.0102678571428571,0.0739549839228296,1.20042872454448,23
"206","{coffee} => {whole milk}",0.021875,0.310126582278481,1.19979886753678,49
"207","{whole milk} => {coffee}",0.021875,0.0846286701208981,1.19979886753678,49
"423","{other vegetables} => {bottled water}",0.0290178571428571,0.149425287356322,1.1996868949038,65
"422","{bottled water} => {other vegetables}",0.0290178571428571,0.232974910394265,1.1996868949038,65
"60","{chocolate} => {whole milk}",0.0133928571428571,0.309278350515464,1.19651728005983,30
"61","{whole milk} => {chocolate}",0.0133928571428571,0.0518134715025907,1.19651728005983,30
"57","{rolls/buns} => {chocolate}",0.0102678571428571,0.0513392857142857,1.18556701030928,23
"56","{chocolate} => {rolls/buns}",0.0102678571428571,0.237113402061856,1.18556701030928,23
"200","{coffee} => {yogurt}",0.0116071428571429,0.164556962025316,1.18523342423379,26
"201","{yogurt} => {coffee}",0.0116071428571429,0.0836012861736334,1.18523342423379,26
"464","{rolls/buns} => {whole milk}",0.0607142857142857,0.303571428571429,1.17443868739206,136
"465","{whole milk} => {rolls/buns}",0.0607142857142857,0.234887737478411,1.17443868739206,136
"449","{yogurt} => {soda}",0.0285714285714286,0.205787781350482,1.16996099041899,64
"448","{soda} => {yogurt}",0.0285714285714286,0.16243654822335,1.16996099041899,64
"574","{root vegetables,whole milk} => {rolls/buns}",0.0111607142857143,0.233644859813084,1.16822429906542,25
"366","{shopping bags} => {tropical fruit}",0.0120535714285714,0.119469026548673,1.16352443247403,27
"367","{tropical fruit} => {shopping bags}",0.0120535714285714,0.117391304347826,1.16352443247403,27
"457","{rolls/buns} => {yogurt}",0.0321428571428571,0.160714285714286,1.15755627009646,72
"456","{yogurt} => {rolls/buns}",0.0321428571428571,0.231511254019293,1.15755627009646,72
"134","{bottled beer} => {other vegetables}",0.0178571428571429,0.224719101123595,1.15717422187783,40
"135","{other vegetables} => {bottled beer}",0.0178571428571429,0.0919540229885057,1.15717422187783,40
"360","{pastry} => {other vegetables}",0.0205357142857143,0.224390243902439,1.15548079618727,46
"361","{other vegetables} => {pastry}",0.0205357142857143,0.105747126436782,1.15548079618727,46
"592","{other vegetables,yogurt} => {rolls/buns}",0.0107142857142857,0.230769230769231,1.15384615384615,24
"39","{onions} => {whole milk}",0.0111607142857143,0.297619047619048,1.15141047783535,25
"571","{other vegetables,root vegetables} => {rolls/buns}",0.0102678571428571,0.23,1.15,23
"420","{bottled water} => {rolls/buns}",0.0285714285714286,0.229390681003584,1.14695340501792,64
"421","{rolls/buns} => {bottled water}",0.0285714285714286,0.142857142857143,1.14695340501792,64
"314","{fruit/vegetable juice} => {rolls/buns}",0.0169642857142857,0.228915662650602,1.14457831325301,38
"315","{rolls/buns} => {fruit/vegetable juice}",0.0169642857142857,0.0848214285714286,1.14457831325301,38
"144","{napkins} => {rolls/buns}",0.0116071428571429,0.228070175438596,1.14035087719298,26
"145","{rolls/buns} => {napkins}",0.0116071428571429,0.0580357142857143,1.14035087719298,26
"542","{other vegetables,whole milk} => {bottled water}",0.0102678571428571,0.141975308641975,1.13987344572769,23
"374","{shopping bags} => {rolls/buns}",0.0227678571428571,0.225663716814159,1.1283185840708,51
"375","{rolls/buns} => {shopping bags}",0.0227678571428571,0.113839285714286,1.1283185840708,51
"462","{rolls/buns} => {other vegetables}",0.04375,0.21875,1.1264367816092,98
"463","{other vegetables} => {rolls/buns}",0.04375,0.225287356321839,1.1264367816092,98
"442","{root vegetables} => {rolls/buns}",0.0245535714285714,0.224489795918367,1.12244897959184,55
"443","{rolls/buns} => {root vegetables}",0.0245535714285714,0.122767857142857,1.12244897959184,55
"364","{shopping bags} => {citrus fruit}",0.0107142857142857,0.106194690265487,1.12205710469194,24
"365","{citrus fruit} => {shopping bags}",0.0107142857142857,0.113207547169811,1.12205710469194,24
"162","{frankfurter} => {whole milk}",0.0178571428571429,0.289855072463768,1.12137368276138,40
"163","{whole milk} => {frankfurter}",0.0178571428571429,0.0690846286701209,1.12137368276138,40
"372","{shopping bags} => {yogurt}",0.015625,0.154867256637168,1.11544262015195,35
"373","{yogurt} => {shopping bags}",0.015625,0.112540192926045,1.11544262015195,35
"44","{canned beer} => {soda}",0.0151785714285714,0.195402298850575,1.11091662290682,34
"45","{soda} => {canned beer}",0.0151785714285714,0.0862944162436548,1.11091662290682,34
"137","{whole milk} => {bottled beer}",0.0227678571428571,0.0880829015544041,1.10845898585318,51
"136","{bottled beer} => {whole milk}",0.0227678571428571,0.286516853932584,1.10845898585318,51
"43","{bottled water} => {canned beer}",0.0107142857142857,0.0860215053763441,1.10740328760351,24
"42","{canned beer} => {bottled water}",0.0107142857142857,0.137931034482759,1.10740328760351,24
"166","{newspapers} => {soda}",0.0147321428571429,0.191860465116279,1.09078030929052,33
"167","{soda} => {newspapers}",0.0147321428571429,0.083756345177665,1.09078030929052,33
"587","{rolls/buns,whole milk} => {soda}",0.0116071428571429,0.191176470588235,1.08689160943565,26
"581","{whole milk,yogurt} => {soda}",0.0107142857142857,0.19047619047619,1.082910321489,24
"217","{rolls/buns} => {butter}",0.0120535714285714,0.0602678571428571,1.08,27
"216","{butter} => {rolls/buns}",0.0120535714285714,0.216,1.08,27
"452","{soda} => {other vegetables}",0.0366071428571429,0.208121827411168,1.07170780092187,82
"453","{other vegetables} => {soda}",0.0366071428571429,0.188505747126437,1.07170780092187,82
"184","{brown bread} => {soda}",0.0116071428571429,0.188405797101449,1.07113955712499,26
"185","{soda} => {brown bread}",0.0116071428571429,0.065989847715736,1.07113955712499,26
"348","{pastry} => {bottled water}",0.0120535714285714,0.131707317073171,1.05743509047994,27
"349","{bottled water} => {pastry}",0.0120535714285714,0.0967741935483871,1.05743509047994,27
"262","{pip fruit} => {soda}",0.0129464285714286,0.185897435897436,1.05687882337629,29
"263","{soda} => {pip fruit}",0.0129464285714286,0.0736040609137056,1.05687882337629,29
"188","{brown bread} => {rolls/buns}",0.0129464285714286,0.210144927536232,1.05072463768116,29
"189","{rolls/buns} => {brown bread}",0.0129464285714286,0.0647321428571429,1.05072463768116,29
"160","{frankfurter} => {other vegetables}",0.0125,0.202898550724638,1.0448109278694,28
"161","{other vegetables} => {frankfurter}",0.0125,0.064367816091954,1.0448109278694,28
"585","{rolls/buns,soda} => {whole milk}",0.0116071428571429,0.26530612244898,1.02640019738465,26
"352","{pastry} => {root vegetables}",0.0102678571428571,0.11219512195122,1.02578397212544,23
"353","{root vegetables} => {pastry}",0.0102678571428571,0.0938775510204082,1.02578397212544,23
"266","{pip fruit} => {rolls/buns}",0.0142857142857143,0.205128205128205,1.02564102564103,32
"267","{rolls/buns} => {pip fruit}",0.0142857142857143,0.0714285714285714,1.02564102564103,32
"378","{shopping bags} => {whole milk}",0.0258928571428571,0.256637168141593,0.992862273984746,58
"379","{whole milk} => {shopping bags}",0.0258928571428571,0.100172711571675,0.992862273984746,58
"107","{rolls/buns} => {pork}",0.0111607142857143,0.0558035714285714,0.992063492063492,25
"106","{pork} => {rolls/buns}",0.0111607142857143,0.198412698412698,0.992063492063492,25
"204","{coffee} => {other vegetables}",0.0133928571428571,0.189873417721519,0.97773897861196,30
"205","{other vegetables} => {coffee}",0.0133928571428571,0.0689655172413793,0.97773897861196,30
"428","{tropical fruit} => {soda}",0.0174107142857143,0.169565217391304,0.964025601412492,39
"429","{soda} => {tropical fruit}",0.0174107142857143,0.0989847715736041,0.964025601412492,39
"168","{newspapers} => {yogurt}",0.0102678571428571,0.133720930232558,0.963134674343827,23
"169","{yogurt} => {newspapers}",0.0102678571428571,0.0739549839228296,0.963134674343827,23
"202","{coffee} => {rolls/buns}",0.0133928571428571,0.189873417721519,0.949367088607595,30
"203","{rolls/buns} => {coffee}",0.0133928571428571,0.0669642857142857,0.949367088607595,30
"455","{whole milk} => {soda}",0.0424107142857143,0.164075993091537,0.932817828743765,95
"454","{soda} => {whole milk}",0.0424107142857143,0.241116751269036,0.932817828743764,95
"387","{soda} => {whipped/sour cream}",0.0129464285714286,0.0736040609137056,0.931486420602828,29
"386","{whipped/sour cream} => {soda}",0.0129464285714286,0.163841807909605,0.931486420602828,29
"130","{bottled beer} => {yogurt}",0.0102678571428571,0.129213483146067,0.9306694606019,23
"131","{yogurt} => {bottled beer}",0.0102678571428571,0.0739549839228296,0.9306694606019,23
"438","{root vegetables} => {soda}",0.0169642857142857,0.155102040816327,0.881798404641044,38
"439","{soda} => {root vegetables}",0.0169642857142857,0.0964467005076142,0.881798404641044,38
"173","{other vegetables} => {newspapers}",0.0129464285714286,0.0666666666666667,0.868217054263566,29
"172","{newspapers} => {other vegetables}",0.0129464285714286,0.168604651162791,0.868217054263566,29
"390","{whipped/sour cream} => {rolls/buns}",0.0133928571428571,0.169491525423729,0.847457627118644,30
"391","{rolls/buns} => {whipped/sour cream}",0.0133928571428571,0.0669642857142857,0.847457627118644,30
"47","{rolls/buns} => {canned beer}",0.0129464285714286,0.0647321428571429,0.833333333333333,29
"46","{canned beer} => {rolls/buns}",0.0129464285714286,0.166666666666667,0.833333333333333,29
"199","{soda} => {coffee}",0.0102678571428571,0.0583756345177665,0.827603932403778,23
"198","{coffee} => {soda}",0.0102678571428571,0.145569620253165,0.827603932403778,23
"132","{bottled beer} => {rolls/buns}",0.0129464285714286,0.162921348314607,0.814606741573034,29
"133","{rolls/buns} => {bottled beer}",0.0129464285714286,0.0647321428571429,0.814606741573034,29
"403","{soda} => {citrus fruit}",0.0129464285714286,0.0736040609137056,0.777703285125946,29
"402","{citrus fruit} => {soda}",0.0129464285714286,0.136792452830189,0.777703285125946,29
